{"model_type": "penta_target_linear_with_embedding", "steps": 5000, "embedding_dims": 5, "batch_size": 10000, "auxiliary_weights": 0.4, "optimizer": "Adam", "hyper_parameters": {"learning_rate": 0.004999999888241291, "decay": 0.0, "beta_1": 0.8999999761581421, "beta_2": 0.9990000128746033}}